Relative Compactness,Surface Area,Wall Area,Roof Area,Overall Height,Orientation,Glazing Area,Glazing Area Distribution,Combined Load
0.98,514.5,294.0,110.25,7.0,2,0.0,0,36.879999999999995
0.98,514.5,294.0,110.25,7.0,3,0.0,0,36.879999999999995
0.98,514.5,294.0,110.25,7.0,4,0.0,0,36.879999999999995
0.98,514.5,294.0,110.25,7.0,5,0.0,0,36.879999999999995
0.9,563.5,318.5,122.5,7.0,2,0.0,0,49.120000000000005
0.9,563.5,318.5,122.5,7.0,3,0.0,0,46.84
0.9,563.5,318.5,122.5,7.0,4,0.0,0,45.870000000000005
0.9,563.5,318.5,122.5,7.0,5,0.0,0,49.28
0.86,588.0,294.0,147.0,7.0,2,0.0,0,46.8
0.86,588.0,294.0,147.0,7.0,3,0.0,0,41.92
0.86,588.0,294.0,147.0,7.0,4,0.0,0,42.83
0.86,588.0,294.0,147.0,7.0,5,0.0,0,46.18
0.82,612.5,318.5,147.0,7.0,2,0.0,0,40.82
0.82,612.5,318.5,147.0,7.0,3,0.0,0,38.870000000000005
0.82,612.5,318.5,147.0,7.0,4,0.0,0,38.11
0.82,612.5,318.5,147.0,7.0,5,0.0,0,40.91
0.79,637.0,343.0,147.0,7.0,2,0.0,0,66.25
0.79,637.0,343.0,147.0,7.0,3,0.0,0,61.17
0.79,637.0,343.0,147.0,7.0,4,0.0,0,60.56
0.79,637.0,343.0,147.0,7.0,5,0.0,0,68.19
0.76,661.5,416.5,122.5,7.0,2,0.0,0,54.56
0.76,661.5,416.5,122.5,7.0,3,0.0,0,53.61
0.76,661.5,416.5,122.5,7.0,4,0.0,0,54.56
0.76,661.5,416.5,122.5,7.0,5,0.0,0,53.33
0.74,686.0,245.0,220.5,3.5,2,0.0,0,16.97
0.74,686.0,245.0,220.5,3.5,3,0.0,0,17.24
0.74,686.0,245.0,220.5,3.5,4,0.0,0,16.95
0.74,686.0,245.0,220.5,3.5,5,0.0,0,17.21
0.71,710.5,269.5,220.5,3.5,2,0.0,0,17.64
0.71,710.5,269.5,220.5,3.5,3,0.0,0,18.12
0.71,710.5,269.5,220.5,3.5,4,0.0,0,17.656
0.71,710.5,269.5,220.5,3.5,5,0.0,0,18.07
0.69,735.0,294.0,220.5,3.5,2,0.0,0,18.59
0.69,735.0,294.0,220.5,3.5,3,0.0,0,18.84
0.69,735.0,294.0,220.5,3.5,4,0.0,0,18.5
0.69,735.0,294.0,220.5,3.5,5,0.0,0,18.74
0.66,759.5,318.5,220.5,3.5,2,0.0,0,19.58
0.66,759.5,318.5,220.5,3.5,3,0.0,0,19.33
0.66,759.5,318.5,220.5,3.5,4,0.0,0,19.5
0.66,759.5,318.5,220.5,3.5,5,0.0,0,19.240000000000002
0.64,784.0,343.0,220.5,3.5,2,0.0,0,27.630000000000003
0.64,784.0,343.0,220.5,3.5,3,0.0,0,27.34
0.64,784.0,343.0,220.5,3.5,4,0.0,0,27.52
0.64,784.0,343.0,220.5,3.5,5,0.0,0,27.230000000000004
0.62,808.5,367.5,220.5,3.5,2,0.0,0,20.67
0.62,808.5,367.5,220.5,3.5,3,0.0,0,20.71
0.62,808.5,367.5,220.5,3.5,4,0.0,0,20.53
0.62,808.5,367.5,220.5,3.5,5,0.0,0,20.54
0.98,514.5,294.0,110.25,7.0,2,0.1,1,51.05
0.98,514.5,294.0,110.25,7.0,3,0.1,1,51.0
0.98,514.5,294.0,110.25,7.0,4,0.1,1,51.07
0.98,514.5,294.0,110.25,7.0,5,0.1,1,50.879999999999995
0.9,563.5,318.5,122.5,7.0,2,0.1,1,61.95
0.9,563.5,318.5,122.5,7.0,3,0.1,1,59.74
0.9,563.5,318.5,122.5,7.0,4,0.1,1,58.72
0.9,563.5,318.5,122.5,7.0,5,0.1,1,62.42
0.86,588.0,294.0,147.0,7.0,2,0.1,1,57.17
0.86,588.0,294.0,147.0,7.0,3,0.1,1,52.510000000000005
0.86,588.0,294.0,147.0,7.0,4,0.1,1,53.400000000000006
0.86,588.0,294.0,147.0,7.0,5,0.1,1,57.0
0.82,612.5,318.5,147.0,7.0,2,0.1,1,50.84
0.82,612.5,318.5,147.0,7.0,3,0.1,1,48.94
0.82,612.5,318.5,147.0,7.0,4,0.1,1,48.15
0.82,612.5,318.5,147.0,7.0,5,0.1,1,51.09
0.79,637.0,343.0,147.0,7.0,2,0.1,1,77.24000000000001
0.79,637.0,343.0,147.0,7.0,3,0.1,1,72.4
0.79,637.0,343.0,147.0,7.0,4,0.1,1,71.33
0.79,637.0,343.0,147.0,7.0,5,0.1,1,79.27
0.76,661.5,416.5,122.5,7.0,2,0.1,1,66.83
0.76,661.5,416.5,122.5,7.0,3,0.1,1,66.19
0.76,661.5,416.5,122.5,7.0,4,0.1,1,67.08
0.76,661.5,416.5,122.5,7.0,5,0.1,1,65.88
0.74,686.0,245.0,220.5,3.5,2,0.1,1,23.79
0.74,686.0,245.0,220.5,3.5,3,0.1,1,24.14
0.74,686.0,245.0,220.5,3.5,4,0.1,1,23.84
0.74,686.0,245.0,220.5,3.5,5,0.1,1,24.09
0.71,710.5,269.5,220.5,3.5,2,0.1,1,24.51
0.71,710.5,269.5,220.5,3.5,3,0.1,1,25.08
0.71,710.5,269.5,220.5,3.5,4,0.1,1,24.57
0.71,710.5,269.5,220.5,3.5,5,0.1,1,25.02
0.69,735.0,294.0,220.5,3.5,2,0.1,1,25.39
0.69,735.0,294.0,220.5,3.5,3,0.1,1,25.740000000000002
0.69,735.0,294.0,220.5,3.5,4,0.1,1,25.39
0.69,735.0,294.0,220.5,3.5,5,0.1,1,25.61
0.66,759.5,318.5,220.5,3.5,2,0.1,1,25.58
0.66,759.5,318.5,220.5,3.5,3,0.1,1,25.41
0.66,759.5,318.5,220.5,3.5,4,0.1,1,25.58
0.66,759.5,318.5,220.5,3.5,5,0.1,1,25.34
0.64,784.0,343.0,220.5,3.5,2,0.1,1,34.78
0.64,784.0,343.0,220.5,3.5,3,0.1,1,34.629999999999995
0.64,784.0,343.0,220.5,3.5,4,0.1,1,34.76
0.64,784.0,343.0,220.5,3.5,5,0.1,1,34.53
0.62,808.5,367.5,220.5,3.5,2,0.1,1,27.3
0.62,808.5,367.5,220.5,3.5,3,0.1,1,27.47
0.62,808.5,367.5,220.5,3.5,4,0.1,1,27.259999999999998
0.62,808.5,367.5,220.5,3.5,5,0.1,1,27.29
0.98,514.5,294.0,110.25,7.0,2,0.1,2,50.239999999999995
0.98,514.5,294.0,110.25,7.0,3,0.1,2,49.94
0.98,514.5,294.0,110.25,7.0,4,0.1,2,50.26
0.98,514.5,294.0,110.25,7.0,5,0.1,2,50.14
0.9,563.5,318.5,122.5,7.0,2,0.1,2,61.42
0.9,563.5,318.5,122.5,7.0,3,0.1,2,59.120000000000005
0.9,563.5,318.5,122.5,7.0,4,0.1,2,58.19
0.9,563.5,318.5,122.5,7.0,5,0.1,2,62.1
0.86,588.0,294.0,147.0,7.0,2,0.1,2,57.39
0.86,588.0,294.0,147.0,7.0,3,0.1,2,52.65
0.86,588.0,294.0,147.0,7.0,4,0.1,2,53.69
0.86,588.0,294.0,147.0,7.0,5,0.1,2,57.26
0.82,612.5,318.5,147.0,7.0,2,0.1,2,51.129999999999995
0.82,612.5,318.5,147.0,7.0,3,0.1,2,49.25
0.82,612.5,318.5,147.0,7.0,4,0.1,2,48.47
0.82,612.5,318.5,147.0,7.0,5,0.1,2,51.58
0.79,637.0,343.0,147.0,7.0,2,0.1,2,76.72
0.79,637.0,343.0,147.0,7.0,3,0.1,2,71.88
0.79,637.0,343.0,147.0,7.0,4,0.1,2,70.84
0.79,637.0,343.0,147.0,7.0,5,0.1,2,78.89
0.76,661.5,416.5,122.5,7.0,2,0.1,2,67.07
0.76,661.5,416.5,122.5,7.0,3,0.1,2,66.47
0.76,661.5,416.5,122.5,7.0,4,0.1,2,67.28999999999999
0.76,661.5,416.5,122.5,7.0,5,0.1,2,66.19
0.74,686.0,245.0,220.5,3.5,2,0.1,2,23.810000000000002
0.74,686.0,245.0,220.5,3.5,3,0.1,2,24.18
0.74,686.0,245.0,220.5,3.5,4,0.1,2,23.89
0.74,686.0,245.0,220.5,3.5,5,0.1,2,24.24
0.71,710.5,269.5,220.5,3.5,2,0.1,2,24.310000000000002
0.71,710.5,269.5,220.5,3.5,3,0.1,2,24.83
0.71,710.5,269.5,220.5,3.5,4,0.1,2,24.35
0.71,710.5,269.5,220.5,3.5,5,0.1,2,24.89
0.69,735.0,294.0,220.5,3.5,2,0.1,2,24.65
0.69,735.0,294.0,220.5,3.5,3,0.1,2,25.0
0.69,735.0,294.0,220.5,3.5,4,0.1,2,24.64
0.69,735.0,294.0,220.5,3.5,5,0.1,2,25.0
0.66,759.5,318.5,220.5,3.5,2,0.1,2,26.31
0.66,759.5,318.5,220.5,3.5,3,0.1,2,26.17
0.66,759.5,318.5,220.5,3.5,4,0.1,2,26.33
0.66,759.5,318.5,220.5,3.5,5,0.1,2,26.17
0.64,784.0,343.0,220.5,3.5,2,0.1,2,34.64
0.64,784.0,343.0,220.5,3.5,3,0.1,2,34.519999999999996
0.64,784.0,343.0,220.5,3.5,4,0.1,2,34.66
0.64,784.0,343.0,220.5,3.5,5,0.1,2,34.49
0.62,808.5,367.5,220.5,3.5,2,0.1,2,27.25
0.62,808.5,367.5,220.5,3.5,3,0.1,2,27.57
0.62,808.5,367.5,220.5,3.5,4,0.1,2,27.240000000000002
0.62,808.5,367.5,220.5,3.5,5,0.1,2,27.28
0.98,514.5,294.0,110.25,7.0,2,0.1,3,49.96
0.98,514.5,294.0,110.25,7.0,3,0.1,3,50.42
0.98,514.5,294.0,110.25,7.0,4,0.1,3,49.95
0.98,514.5,294.0,110.25,7.0,5,0.1,3,50.49
0.9,563.5,318.5,122.5,7.0,2,0.1,3,62.21
0.9,563.5,318.5,122.5,7.0,3,0.1,3,61.86
0.9,563.5,318.5,122.5,7.0,4,0.1,3,59.7
0.9,563.5,318.5,122.5,7.0,5,0.1,3,58.72
0.86,588.0,294.0,147.0,7.0,2,0.1,3,57.14
0.86,588.0,294.0,147.0,7.0,3,0.1,3,57.480000000000004
0.86,588.0,294.0,147.0,7.0,4,0.1,3,52.79
0.86,588.0,294.0,147.0,7.0,5,0.1,3,53.86
0.82,612.5,318.5,147.0,7.0,2,0.1,3,51.61
0.82,612.5,318.5,147.0,7.0,3,0.1,3,51.379999999999995
0.82,612.5,318.5,147.0,7.0,4,0.1,3,49.52
0.82,612.5,318.5,147.0,7.0,5,0.1,3,48.8
0.79,637.0,343.0,147.0,7.0,2,0.1,3,78.9
0.79,637.0,343.0,147.0,7.0,3,0.1,3,76.69999999999999
0.79,637.0,343.0,147.0,7.0,4,0.1,3,72.07
0.79,637.0,343.0,147.0,7.0,5,0.1,3,70.99000000000001
0.76,661.5,416.5,122.5,7.0,2,0.1,3,66.37
0.76,661.5,416.5,122.5,7.0,3,0.1,3,67.39
0.76,661.5,416.5,122.5,7.0,4,0.1,3,66.81
0.76,661.5,416.5,122.5,7.0,5,0.1,3,67.74000000000001
0.74,686.0,245.0,220.5,3.5,2,0.1,3,23.990000000000002
0.74,686.0,245.0,220.5,3.5,3,0.1,3,23.7
0.74,686.0,245.0,220.5,3.5,4,0.1,3,24.0
0.74,686.0,245.0,220.5,3.5,5,0.1,3,23.87
0.71,710.5,269.5,220.5,3.5,2,0.1,3,24.91
0.71,710.5,269.5,220.5,3.5,3,0.1,3,24.45
0.71,710.5,269.5,220.5,3.5,4,0.1,3,24.98
0.71,710.5,269.5,220.5,3.5,5,0.1,3,24.57
0.69,735.0,294.0,220.5,3.5,2,0.1,3,25.66
0.69,735.0,294.0,220.5,3.5,3,0.1,3,25.43
0.69,735.0,294.0,220.5,3.5,4,0.1,3,25.77
0.69,735.0,294.0,220.5,3.5,5,0.1,3,25.54
0.66,759.5,318.5,220.5,3.5,2,0.1,3,25.05
0.66,759.5,318.5,220.5,3.5,3,0.1,3,25.299999999999997
0.66,759.5,318.5,220.5,3.5,4,0.1,3,25.119999999999997
0.66,759.5,318.5,220.5,3.5,5,0.1,3,25.439999999999998
0.64,784.0,343.0,220.5,3.5,2,0.1,3,34.3
0.64,784.0,343.0,220.5,3.5,3,0.1,3,34.54
0.64,784.0,343.0,220.5,3.5,4,0.1,3,34.49
0.64,784.0,343.0,220.5,3.5,5,0.1,3,34.65
0.62,808.5,367.5,220.5,3.5,2,0.1,3,26.77
0.62,808.5,367.5,220.5,3.5,3,0.1,3,26.86
0.62,808.5,367.5,220.5,3.5,4,0.1,3,26.85
0.62,808.5,367.5,220.5,3.5,5,0.1,3,26.62
0.98,514.5,294.0,110.25,7.0,2,0.1,4,50.29
0.98,514.5,294.0,110.25,7.0,3,0.1,4,49.95
0.98,514.5,294.0,110.25,7.0,4,0.1,4,50.22
0.98,514.5,294.0,110.25,7.0,5,0.1,4,50.19
0.9,563.5,318.5,122.5,7.0,2,0.1,4,58.4
0.9,563.5,318.5,122.5,7.0,3,0.1,4,61.959999999999994
0.9,563.5,318.5,122.5,7.0,4,0.1,4,61.69
0.9,563.5,318.5,122.5,7.0,5,0.1,4,59.71
0.86,588.0,294.0,147.0,7.0,2,0.1,4,53.61
0.86,588.0,294.0,147.0,7.0,3,0.1,4,57.13
0.86,588.0,294.0,147.0,7.0,4,0.1,4,57.39
0.86,588.0,294.0,147.0,7.0,5,0.1,4,52.84
0.82,612.5,318.5,147.0,7.0,2,0.1,4,48.41
0.82,612.5,318.5,147.0,7.0,3,0.1,4,51.41
0.82,612.5,318.5,147.0,7.0,4,0.1,4,51.16
0.82,612.5,318.5,147.0,7.0,5,0.1,4,49.4
0.79,637.0,343.0,147.0,7.0,2,0.1,4,71.11
0.79,637.0,343.0,147.0,7.0,3,0.1,4,79.19
0.79,637.0,343.0,147.0,7.0,4,0.1,4,77.31
0.79,637.0,343.0,147.0,7.0,5,0.1,4,72.39
0.76,661.5,416.5,122.5,7.0,2,0.1,4,67.19
0.76,661.5,416.5,122.5,7.0,3,0.1,4,66.0
0.76,661.5,416.5,122.5,7.0,4,0.1,4,66.98
0.76,661.5,416.5,122.5,7.0,5,0.1,4,66.36
0.74,686.0,245.0,220.5,3.5,2,0.1,4,23.28
0.74,686.0,245.0,220.5,3.5,3,0.1,4,23.509999999999998
0.74,686.0,245.0,220.5,3.5,4,0.1,4,23.28
0.74,686.0,245.0,220.5,3.5,5,0.1,4,23.67
0.71,710.5,269.5,220.5,3.5,2,0.1,4,24.33
0.71,710.5,269.5,220.5,3.5,3,0.1,4,24.799999999999997
0.71,710.5,269.5,220.5,3.5,4,0.1,4,24.32
0.71,710.5,269.5,220.5,3.5,5,0.1,4,24.92
0.69,735.0,294.0,220.5,3.5,2,0.1,4,25.47
0.69,735.0,294.0,220.5,3.5,3,0.1,4,25.71
0.69,735.0,294.0,220.5,3.5,4,0.1,4,25.490000000000002
0.69,735.0,294.0,220.5,3.5,5,0.1,4,25.93
0.66,759.5,318.5,220.5,3.5,2,0.1,4,26.299999999999997
0.66,759.5,318.5,220.5,3.5,3,0.1,4,26.09
0.66,759.5,318.5,220.5,3.5,4,0.1,4,26.33
0.66,759.5,318.5,220.5,3.5,5,0.1,4,26.259999999999998
0.64,784.0,343.0,220.5,3.5,2,0.1,4,34.64
0.64,784.0,343.0,220.5,3.5,3,0.1,4,34.44
0.64,784.0,343.0,220.5,3.5,4,0.1,4,34.74
0.64,784.0,343.0,220.5,3.5,5,0.1,4,34.64
0.62,808.5,367.5,220.5,3.5,2,0.1,4,27.22
0.62,808.5,367.5,220.5,3.5,3,0.1,4,27.38
0.62,808.5,367.5,220.5,3.5,4,0.1,4,27.28
0.62,808.5,367.5,220.5,3.5,5,0.1,4,27.47
0.98,514.5,294.0,110.25,7.0,2,0.1,5,49.99
0.98,514.5,294.0,110.25,7.0,3,0.1,5,50.31
0.98,514.5,294.0,110.25,7.0,4,0.1,5,49.91
0.98,514.5,294.0,110.25,7.0,5,0.1,5,50.44
0.9,563.5,318.5,122.5,7.0,2,0.1,5,59.65
0.9,563.5,318.5,122.5,7.0,3,0.1,5,58.599999999999994
0.9,563.5,318.5,122.5,7.0,4,0.1,5,62.480000000000004
0.9,563.5,318.5,122.5,7.0,5,0.1,5,62.03
0.86,588.0,294.0,147.0,7.0,2,0.1,5,52.85
0.86,588.0,294.0,147.0,7.0,3,0.1,5,53.78
0.86,588.0,294.0,147.0,7.0,4,0.1,5,57.4
0.86,588.0,294.0,147.0,7.0,5,0.1,5,57.730000000000004
0.82,612.5,318.5,147.0,7.0,2,0.1,5,49.480000000000004
0.82,612.5,318.5,147.0,7.0,3,0.1,5,48.66
0.82,612.5,318.5,147.0,7.0,4,0.1,5,51.769999999999996
0.82,612.5,318.5,147.0,7.0,5,0.1,5,51.55
0.79,637.0,343.0,147.0,7.0,2,0.1,5,72.02000000000001
0.79,637.0,343.0,147.0,7.0,3,0.1,5,70.89
0.79,637.0,343.0,147.0,7.0,4,0.1,5,79.91
0.79,637.0,343.0,147.0,7.0,5,0.1,5,76.74
0.76,661.5,416.5,122.5,7.0,2,0.1,5,66.56
0.76,661.5,416.5,122.5,7.0,3,0.1,5,67.56
0.76,661.5,416.5,122.5,7.0,4,0.1,5,66.1
0.76,661.5,416.5,122.5,7.0,5,0.1,5,67.15
0.74,686.0,245.0,220.5,3.5,2,0.1,5,24.12
0.74,686.0,245.0,220.5,3.5,3,0.1,5,23.81
0.74,686.0,245.0,220.5,3.5,4,0.1,5,24.060000000000002
0.74,686.0,245.0,220.5,3.5,5,0.1,5,23.89
0.71,710.5,269.5,220.5,3.5,2,0.1,5,24.96
0.71,710.5,269.5,220.5,3.5,3,0.1,5,24.45
0.71,710.5,269.5,220.5,3.5,4,0.1,5,24.93
0.71,710.5,269.5,220.5,3.5,5,0.1,5,27.58
0.69,735.0,294.0,220.5,3.5,2,0.1,5,25.76
0.69,735.0,294.0,220.5,3.5,3,0.1,5,25.42
0.69,735.0,294.0,220.5,3.5,4,0.1,5,25.57
0.69,735.0,294.0,220.5,3.5,5,0.1,5,25.55
0.66,759.5,318.5,220.5,3.5,2,0.1,5,25.92
0.66,759.5,318.5,220.5,3.5,3,0.1,5,26.15
0.66,759.5,318.5,220.5,3.5,4,0.1,5,25.87
0.66,759.5,318.5,220.5,3.5,5,0.1,5,26.21
0.64,784.0,343.0,220.5,3.5,2,0.1,5,34.4
0.64,784.0,343.0,220.5,3.5,3,0.1,5,34.55
0.64,784.0,343.0,220.5,3.5,4,0.1,5,34.38
0.64,784.0,343.0,220.5,3.5,5,0.1,5,34.65
0.62,808.5,367.5,220.5,3.5,2,0.1,5,26.83
0.62,808.5,367.5,220.5,3.5,3,0.1,5,26.71
0.62,808.5,367.5,220.5,3.5,4,0.1,5,26.79
0.62,808.5,367.5,220.5,3.5,5,0.1,5,26.77
0.98,514.5,294.0,110.25,7.0,2,0.25,1,57.94
0.98,514.5,294.0,110.25,7.0,3,0.25,1,57.94
0.98,514.5,294.0,110.25,7.0,4,0.25,1,57.650000000000006
0.98,514.5,294.0,110.25,7.0,5,0.25,1,57.9
0.9,563.5,318.5,122.5,7.0,2,0.25,1,68.8
0.9,563.5,318.5,122.5,7.0,3,0.25,1,66.65
0.9,563.5,318.5,122.5,7.0,4,0.25,1,65.55000000000001
0.9,563.5,318.5,122.5,7.0,5,0.25,1,69.58
0.86,588.0,294.0,147.0,7.0,2,0.25,1,63.519999999999996
0.86,588.0,294.0,147.0,7.0,3,0.25,1,58.66
0.86,588.0,294.0,147.0,7.0,4,0.25,1,59.72
0.86,588.0,294.0,147.0,7.0,5,0.25,1,63.39
0.82,612.5,318.5,147.0,7.0,2,0.25,1,57.010000000000005
0.82,612.5,318.5,147.0,7.0,3,0.25,1,55.11
0.82,612.5,318.5,147.0,7.0,4,0.25,1,54.22
0.82,612.5,318.5,147.0,7.0,5,0.25,1,57.58
0.79,637.0,343.0,147.0,7.0,2,0.25,1,82.47
0.79,637.0,343.0,147.0,7.0,3,0.25,1,77.84
0.79,637.0,343.0,147.0,7.0,4,0.25,1,76.71000000000001
0.79,637.0,343.0,147.0,7.0,5,0.25,1,84.56
0.76,661.5,416.5,122.5,7.0,2,0.25,1,73.81
0.76,661.5,416.5,122.5,7.0,3,0.25,1,73.71000000000001
0.76,661.5,416.5,122.5,7.0,4,0.25,1,74.36
0.76,661.5,416.5,122.5,7.0,5,0.25,1,73.05
0.74,686.0,245.0,220.5,3.5,2,0.25,1,27.619999999999997
0.74,686.0,245.0,220.5,3.5,3,0.25,1,28.0
0.74,686.0,245.0,220.5,3.5,4,0.25,1,27.689999999999998
0.74,686.0,245.0,220.5,3.5,5,0.25,1,27.95
0.71,710.5,269.5,220.5,3.5,2,0.25,1,27.990000000000002
0.71,710.5,269.5,220.5,3.5,3,0.25,1,28.5
0.71,710.5,269.5,220.5,3.5,4,0.25,1,28.009999999999998
0.71,710.5,269.5,220.5,3.5,5,0.25,1,28.44
0.69,735.0,294.0,220.5,3.5,2,0.25,1,27.990000000000002
0.69,735.0,294.0,220.5,3.5,3,0.25,1,28.560000000000002
0.69,735.0,294.0,220.5,3.5,4,0.25,1,28.21
0.69,735.0,294.0,220.5,3.5,5,0.25,1,28.5
0.66,759.5,318.5,220.5,3.5,2,0.25,1,29.560000000000002
0.66,759.5,318.5,220.5,3.5,3,0.25,1,29.45
0.66,759.5,318.5,220.5,3.5,4,0.25,1,29.560000000000002
0.66,759.5,318.5,220.5,3.5,5,0.25,1,29.37
0.64,784.0,343.0,220.5,3.5,2,0.25,1,38.629999999999995
0.64,784.0,343.0,220.5,3.5,3,0.25,1,38.540000000000006
0.64,784.0,343.0,220.5,3.5,4,0.25,1,38.61
0.64,784.0,343.0,220.5,3.5,5,0.25,1,38.45
0.62,808.5,367.5,220.5,3.5,2,0.25,1,30.86
0.62,808.5,367.5,220.5,3.5,3,0.25,1,31.07
0.62,808.5,367.5,220.5,3.5,4,0.25,1,30.85
0.62,808.5,367.5,220.5,3.5,5,0.25,1,30.92
0.98,514.5,294.0,110.25,7.0,2,0.25,2,58.290000000000006
0.98,514.5,294.0,110.25,7.0,3,0.25,2,58.260000000000005
0.98,514.5,294.0,110.25,7.0,4,0.25,2,58.36
0.98,514.5,294.0,110.25,7.0,5,0.25,2,58.620000000000005
0.9,563.5,318.5,122.5,7.0,2,0.25,2,68.02000000000001
0.9,563.5,318.5,122.5,7.0,3,0.25,2,65.91
0.9,563.5,318.5,122.5,7.0,4,0.25,2,65.1
0.9,563.5,318.5,122.5,7.0,5,0.25,2,69.38
0.86,588.0,294.0,147.0,7.0,2,0.25,2,62.709999999999994
0.86,588.0,294.0,147.0,7.0,3,0.25,2,57.760000000000005
0.86,588.0,294.0,147.0,7.0,4,0.25,2,59.17
0.86,588.0,294.0,147.0,7.0,5,0.25,2,62.92
0.82,612.5,318.5,147.0,7.0,2,0.25,2,54.01
0.82,612.5,318.5,147.0,7.0,3,0.25,2,52.94
0.82,612.5,318.5,147.0,7.0,4,0.25,2,52.099999999999994
0.82,612.5,318.5,147.0,7.0,5,0.25,2,54.82
0.79,637.0,343.0,147.0,7.0,2,0.25,2,82.43
0.79,637.0,343.0,147.0,7.0,3,0.25,2,77.6
0.79,637.0,343.0,147.0,7.0,4,0.25,2,76.74000000000001
0.79,637.0,343.0,147.0,7.0,5,0.25,2,84.94999999999999
0.76,661.5,416.5,122.5,7.0,2,0.25,2,73.82
0.76,661.5,416.5,122.5,7.0,3,0.25,2,73.63
0.76,661.5,416.5,122.5,7.0,4,0.25,2,74.14
0.76,661.5,416.5,122.5,7.0,5,0.25,2,73.26
0.74,686.0,245.0,220.5,3.5,2,0.25,2,27.08
0.74,686.0,245.0,220.5,3.5,3,0.25,2,27.549999999999997
0.74,686.0,245.0,220.5,3.5,4,0.25,2,27.34
0.74,686.0,245.0,220.5,3.5,5,0.25,2,27.740000000000002
0.71,710.5,269.5,220.5,3.5,2,0.25,2,27.240000000000002
0.71,710.5,269.5,220.5,3.5,3,0.25,2,27.689999999999998
0.71,710.5,269.5,220.5,3.5,4,0.25,2,27.14
0.71,710.5,269.5,220.5,3.5,5,0.25,2,27.810000000000002
0.69,735.0,294.0,220.5,3.5,2,0.25,2,28.369999999999997
0.69,735.0,294.0,220.5,3.5,3,0.25,2,28.72
0.69,735.0,294.0,220.5,3.5,4,0.25,2,28.39
0.69,735.0,294.0,220.5,3.5,5,0.25,2,28.939999999999998
0.66,759.5,318.5,220.5,3.5,2,0.25,2,28.94
0.66,759.5,318.5,220.5,3.5,3,0.25,2,28.78
0.66,759.5,318.5,220.5,3.5,4,0.25,2,28.99
0.66,759.5,318.5,220.5,3.5,5,0.25,2,28.869999999999997
0.64,784.0,343.0,220.5,3.5,2,0.25,2,37.61
0.64,784.0,343.0,220.5,3.5,3,0.25,2,37.4
0.64,784.0,343.0,220.5,3.5,4,0.25,2,37.5
0.64,784.0,343.0,220.5,3.5,5,0.25,2,37.54
0.62,808.5,367.5,220.5,3.5,2,0.25,2,29.66
0.62,808.5,367.5,220.5,3.5,3,0.25,2,30.3
0.62,808.5,367.5,220.5,3.5,4,0.25,2,29.740000000000002
0.62,808.5,367.5,220.5,3.5,5,0.25,2,29.9
0.98,514.5,294.0,110.25,7.0,2,0.25,3,58.1
0.98,514.5,294.0,110.25,7.0,3,0.25,3,58.34
0.98,514.5,294.0,110.25,7.0,4,0.25,3,58.27
0.98,514.5,294.0,110.25,7.0,5,0.25,3,58.82
0.9,563.5,318.5,122.5,7.0,2,0.25,3,67.98
0.9,563.5,318.5,122.5,7.0,3,0.25,3,67.5
0.9,563.5,318.5,122.5,7.0,4,0.25,3,65.50999999999999
0.9,563.5,318.5,122.5,7.0,5,0.25,3,64.75
0.86,588.0,294.0,147.0,7.0,2,0.25,3,61.92
0.86,588.0,294.0,147.0,7.0,3,0.25,3,62.33
0.86,588.0,294.0,147.0,7.0,4,0.25,3,57.81
0.86,588.0,294.0,147.0,7.0,5,0.25,3,58.89
0.82,612.5,318.5,147.0,7.0,2,0.25,3,53.47
0.82,612.5,318.5,147.0,7.0,3,0.25,3,53.24
0.82,612.5,318.5,147.0,7.0,4,0.25,3,52.32
0.82,612.5,318.5,147.0,7.0,5,0.25,3,51.58
0.79,637.0,343.0,147.0,7.0,2,0.25,3,84.17
0.79,637.0,343.0,147.0,7.0,3,0.25,3,82.00999999999999
0.79,637.0,343.0,147.0,7.0,4,0.25,3,77.57
0.79,637.0,343.0,147.0,7.0,5,0.25,3,76.69999999999999
0.76,661.5,416.5,122.5,7.0,2,0.25,3,72.06
0.76,661.5,416.5,122.5,7.0,3,0.25,3,73.03
0.76,661.5,416.5,122.5,7.0,4,0.25,3,72.92
0.76,661.5,416.5,122.5,7.0,5,0.25,3,73.81
0.74,686.0,245.0,220.5,3.5,2,0.25,3,26.29
0.74,686.0,245.0,220.5,3.5,3,0.25,3,25.82
0.74,686.0,245.0,220.5,3.5,4,0.25,3,26.700000000000003
0.74,686.0,245.0,220.5,3.5,5,0.25,3,26.45
0.71,710.5,269.5,220.5,3.5,2,0.25,3,27.33
0.71,710.5,269.5,220.5,3.5,3,0.25,3,27.02
0.71,710.5,269.5,220.5,3.5,4,0.25,3,27.67
0.71,710.5,269.5,220.5,3.5,5,0.25,3,27.13
0.69,735.0,294.0,220.5,3.5,2,0.25,3,27.259999999999998
0.69,735.0,294.0,220.5,3.5,3,0.25,3,26.840000000000003
0.69,735.0,294.0,220.5,3.5,4,0.25,3,27.75
0.69,735.0,294.0,220.5,3.5,5,0.25,3,27.29
0.66,759.5,318.5,220.5,3.5,2,0.25,3,28.5
0.66,759.5,318.5,220.5,3.5,3,0.25,3,28.810000000000002
0.66,759.5,318.5,220.5,3.5,4,0.25,3,28.880000000000003
0.66,759.5,318.5,220.5,3.5,5,0.25,3,29.1
0.64,784.0,343.0,220.5,3.5,2,0.25,3,36.7
0.64,784.0,343.0,220.5,3.5,3,0.25,3,36.96
0.64,784.0,343.0,220.5,3.5,4,0.25,3,37.120000000000005
0.64,784.0,343.0,220.5,3.5,5,0.25,3,37.14
0.62,808.5,367.5,220.5,3.5,2,0.25,3,28.8
0.62,808.5,367.5,220.5,3.5,3,0.25,3,29.3
0.62,808.5,367.5,220.5,3.5,4,0.25,3,28.84
0.62,808.5,367.5,220.5,3.5,5,0.25,3,28.34
0.98,514.5,294.0,110.25,7.0,2,0.25,4,58.31
0.98,514.5,294.0,110.25,7.0,3,0.25,4,58.14
0.98,514.5,294.0,110.25,7.0,4,0.25,4,58.34
0.98,514.5,294.0,110.25,7.0,5,0.25,4,58.74
0.9,563.5,318.5,122.5,7.0,2,0.25,4,64.78999999999999
0.9,563.5,318.5,122.5,7.0,3,0.25,4,68.81
0.9,563.5,318.5,122.5,7.0,4,0.25,4,68.22999999999999
0.9,563.5,318.5,122.5,7.0,5,0.25,4,66.44
0.86,588.0,294.0,147.0,7.0,2,0.25,4,58.92
0.86,588.0,294.0,147.0,7.0,3,0.25,4,62.61
0.86,588.0,294.0,147.0,7.0,4,0.25,4,63.01
0.86,588.0,294.0,147.0,7.0,5,0.25,4,58.19
0.82,612.5,318.5,147.0,7.0,2,0.25,4,51.96
0.82,612.5,318.5,147.0,7.0,3,0.25,4,54.39
0.82,612.5,318.5,147.0,7.0,4,0.25,4,54.19
0.82,612.5,318.5,147.0,7.0,5,0.25,4,53.34
0.79,637.0,343.0,147.0,7.0,2,0.25,4,76.25999999999999
0.79,637.0,343.0,147.0,7.0,3,0.25,4,84.32
0.79,637.0,343.0,147.0,7.0,4,0.25,4,82.49
0.79,637.0,343.0,147.0,7.0,5,0.25,4,77.38
0.76,661.5,416.5,122.5,7.0,2,0.25,4,74.15
0.76,661.5,416.5,122.5,7.0,3,0.25,4,73.21000000000001
0.76,661.5,416.5,122.5,7.0,4,0.25,4,73.86
0.76,661.5,416.5,122.5,7.0,5,0.25,4,73.77
0.74,686.0,245.0,220.5,3.5,2,0.25,4,27.240000000000002
0.74,686.0,245.0,220.5,3.5,3,0.25,4,27.54
0.74,686.0,245.0,220.5,3.5,4,0.25,4,27.21
0.74,686.0,245.0,220.5,3.5,5,0.25,4,27.78
0.71,710.5,269.5,220.5,3.5,2,0.25,4,27.03
0.71,710.5,269.5,220.5,3.5,3,0.25,4,27.58
0.71,710.5,269.5,220.5,3.5,4,0.25,4,27.369999999999997
0.71,710.5,269.5,220.5,3.5,5,0.25,4,27.92
0.69,735.0,294.0,220.5,3.5,2,0.25,4,28.28
0.69,735.0,294.0,220.5,3.5,3,0.25,4,28.68
0.69,735.0,294.0,220.5,3.5,4,0.25,4,28.5
0.69,735.0,294.0,220.5,3.5,5,0.25,4,28.99
0.66,759.5,318.5,220.5,3.5,2,0.25,4,28.9
0.66,759.5,318.5,220.5,3.5,3,0.25,4,28.59
0.66,759.5,318.5,220.5,3.5,4,0.25,4,29.03
0.66,759.5,318.5,220.5,3.5,5,0.25,4,29.060000000000002
0.64,784.0,343.0,220.5,3.5,2,0.25,4,36.64
0.64,784.0,343.0,220.5,3.5,3,0.25,4,36.45
0.64,784.0,343.0,220.5,3.5,4,0.25,4,36.93
0.64,784.0,343.0,220.5,3.5,5,0.25,4,36.519999999999996
0.62,808.5,367.5,220.5,3.5,2,0.25,4,29.740000000000002
0.62,808.5,367.5,220.5,3.5,3,0.25,4,30.17
0.62,808.5,367.5,220.5,3.5,4,0.25,4,29.68
0.62,808.5,367.5,220.5,3.5,5,0.25,4,30.03
0.98,514.5,294.0,110.25,7.0,2,0.25,5,58.22
0.98,514.5,294.0,110.25,7.0,3,0.25,5,58.349999999999994
0.98,514.5,294.0,110.25,7.0,4,0.25,5,58.15
0.98,514.5,294.0,110.25,7.0,5,0.25,5,58.81
0.9,563.5,318.5,122.5,7.0,2,0.25,5,65.38
0.9,563.5,318.5,122.5,7.0,3,0.25,5,64.31
0.9,563.5,318.5,122.5,7.0,4,0.25,5,68.72
0.9,563.5,318.5,122.5,7.0,5,0.25,5,68.08
0.86,588.0,294.0,147.0,7.0,2,0.25,5,57.730000000000004
0.86,588.0,294.0,147.0,7.0,3,0.25,5,58.519999999999996
0.86,588.0,294.0,147.0,7.0,4,0.25,5,62.459999999999994
0.86,588.0,294.0,147.0,7.0,5,0.25,5,62.86
0.82,612.5,318.5,147.0,7.0,2,0.25,5,52.230000000000004
0.82,612.5,318.5,147.0,7.0,3,0.25,5,51.25
0.82,612.5,318.5,147.0,7.0,4,0.25,5,53.91
0.82,612.5,318.5,147.0,7.0,5,0.25,5,53.629999999999995
0.79,637.0,343.0,147.0,7.0,2,0.25,5,77.43
0.79,637.0,343.0,147.0,7.0,3,0.25,5,76.49
0.79,637.0,343.0,147.0,7.0,4,0.25,5,84.28999999999999
0.79,637.0,343.0,147.0,7.0,5,0.25,5,82.38
0.76,661.5,416.5,122.5,7.0,2,0.25,5,72.62
0.76,661.5,416.5,122.5,7.0,3,0.25,5,73.65
0.76,661.5,416.5,122.5,7.0,4,0.25,5,71.78999999999999
0.76,661.5,416.5,122.5,7.0,5,0.25,5,72.85
0.74,686.0,245.0,220.5,3.5,2,0.25,5,26.6
0.74,686.0,245.0,220.5,3.5,3,0.25,5,26.25
0.74,686.0,245.0,220.5,3.5,4,0.25,5,26.450000000000003
0.74,686.0,245.0,220.5,3.5,5,0.25,5,26.049999999999997
0.71,710.5,269.5,220.5,3.5,2,0.25,5,27.54
0.71,710.5,269.5,220.5,3.5,3,0.25,5,26.9
0.71,710.5,269.5,220.5,3.5,4,0.25,5,27.48
0.71,710.5,269.5,220.5,3.5,5,0.25,5,27.240000000000002
0.69,735.0,294.0,220.5,3.5,2,0.25,5,27.61
0.69,735.0,294.0,220.5,3.5,3,0.25,5,27.09
0.69,735.0,294.0,220.5,3.5,4,0.25,5,27.4
0.69,735.0,294.0,220.5,3.5,5,0.25,5,27.07
0.66,759.5,318.5,220.5,3.5,2,0.25,5,28.759999999999998
0.66,759.5,318.5,220.5,3.5,3,0.25,5,28.85
0.66,759.5,318.5,220.5,3.5,4,0.25,5,28.58
0.66,759.5,318.5,220.5,3.5,5,0.25,5,29.08
0.64,784.0,343.0,220.5,3.5,2,0.25,5,36.86
0.64,784.0,343.0,220.5,3.5,3,0.25,5,36.870000000000005
0.64,784.0,343.0,220.5,3.5,4,0.25,5,36.95
0.64,784.0,343.0,220.5,3.5,5,0.25,5,37.21
0.62,808.5,367.5,220.5,3.5,2,0.25,5,28.869999999999997
0.62,808.5,367.5,220.5,3.5,3,0.25,5,28.6
0.62,808.5,367.5,220.5,3.5,4,0.25,5,28.77
0.62,808.5,367.5,220.5,3.5,5,0.25,5,28.61
0.98,514.5,294.0,110.25,7.0,2,0.4,1,65.63
0.98,514.5,294.0,110.25,7.0,3,0.4,1,65.6
0.98,514.5,294.0,110.25,7.0,4,0.4,1,65.32
0.98,514.5,294.0,110.25,7.0,5,0.4,1,65.57
0.9,563.5,318.5,122.5,7.0,2,0.4,1,75.75
0.9,563.5,318.5,122.5,7.0,3,0.4,1,73.62
0.9,563.5,318.5,122.5,7.0,4,0.4,1,72.58
0.9,563.5,318.5,122.5,7.0,5,0.4,1,76.95
0.86,588.0,294.0,147.0,7.0,2,0.4,1,67.88
0.86,588.0,294.0,147.0,7.0,3,0.4,1,63.05
0.86,588.0,294.0,147.0,7.0,4,0.4,1,63.790000000000006
0.86,588.0,294.0,147.0,7.0,5,0.4,1,68.02
0.82,612.5,318.5,147.0,7.0,2,0.4,1,60.93
0.82,612.5,318.5,147.0,7.0,3,0.4,1,59.04
0.82,612.5,318.5,147.0,7.0,4,0.4,1,58.519999999999996
0.82,612.5,318.5,147.0,7.0,5,0.4,1,62.19
0.79,637.0,343.0,147.0,7.0,2,0.4,1,86.69
0.79,637.0,343.0,147.0,7.0,3,0.4,1,81.69
0.79,637.0,343.0,147.0,7.0,4,0.4,1,80.85
0.79,637.0,343.0,147.0,7.0,5,0.4,1,88.61
0.76,661.5,416.5,122.5,7.0,2,0.4,1,80.33
0.76,661.5,416.5,122.5,7.0,3,0.4,1,80.82
0.76,661.5,416.5,122.5,7.0,4,0.4,1,81.34
0.76,661.5,416.5,122.5,7.0,5,0.4,1,79.91
0.74,686.0,245.0,220.5,3.5,2,0.4,1,31.46
0.74,686.0,245.0,220.5,3.5,3,0.4,1,31.86
0.74,686.0,245.0,220.5,3.5,4,0.4,1,31.53
0.74,686.0,245.0,220.5,3.5,5,0.4,1,31.8
0.71,710.5,269.5,220.5,3.5,2,0.4,1,31.61
0.71,710.5,269.5,220.5,3.5,3,0.4,1,32.11
0.71,710.5,269.5,220.5,3.5,4,0.4,1,31.62
0.71,710.5,269.5,220.5,3.5,5,0.4,1,32.05
0.69,735.0,294.0,220.5,3.5,2,0.4,1,31.009999999999998
0.69,735.0,294.0,220.5,3.5,3,0.4,1,31.7
0.69,735.0,294.0,220.5,3.5,4,0.4,1,31.29
0.69,735.0,294.0,220.5,3.5,5,0.4,1,31.619999999999997
0.66,759.5,318.5,220.5,3.5,2,0.4,1,33.370000000000005
0.66,759.5,318.5,220.5,3.5,3,0.4,1,33.260000000000005
0.66,759.5,318.5,220.5,3.5,4,0.4,1,33.370000000000005
0.66,759.5,318.5,220.5,3.5,5,0.4,1,33.18
0.64,784.0,343.0,220.5,3.5,2,0.4,1,42.239999999999995
0.64,784.0,343.0,220.5,3.5,3,0.4,1,42.09
0.64,784.0,343.0,220.5,3.5,4,0.4,1,42.2
0.64,784.0,343.0,220.5,3.5,5,0.4,1,41.95
0.62,808.5,367.5,220.5,3.5,2,0.4,1,32.29
0.62,808.5,367.5,220.5,3.5,3,0.4,1,34.38
0.62,808.5,367.5,220.5,3.5,4,0.4,1,34.29
0.62,808.5,367.5,220.5,3.5,5,0.4,1,34.34
0.98,514.5,294.0,110.25,7.0,2,0.4,2,65.78
0.98,514.5,294.0,110.25,7.0,3,0.4,2,65.84
0.98,514.5,294.0,110.25,7.0,4,0.4,2,66.18
0.98,514.5,294.0,110.25,7.0,5,0.4,2,66.5
0.9,563.5,318.5,122.5,7.0,2,0.4,2,74.19
0.9,563.5,318.5,122.5,7.0,3,0.4,2,71.96000000000001
0.9,563.5,318.5,122.5,7.0,4,0.4,2,71.0
0.9,563.5,318.5,122.5,7.0,5,0.4,2,76.35
0.86,588.0,294.0,147.0,7.0,2,0.4,2,67.96
0.86,588.0,294.0,147.0,7.0,3,0.4,2,63.27
0.86,588.0,294.0,147.0,7.0,4,0.4,2,64.41
0.86,588.0,294.0,147.0,7.0,5,0.4,2,68.5
0.82,612.5,318.5,147.0,7.0,2,0.4,2,59.29
0.82,612.5,318.5,147.0,7.0,3,0.4,2,57.42
0.82,612.5,318.5,147.0,7.0,4,0.4,2,57.59
0.82,612.5,318.5,147.0,7.0,5,0.4,2,60.93000000000001
0.79,637.0,343.0,147.0,7.0,2,0.4,2,87.23
0.79,637.0,343.0,147.0,7.0,3,0.4,2,82.50999999999999
0.79,637.0,343.0,147.0,7.0,4,0.4,2,81.58000000000001
0.79,637.0,343.0,147.0,7.0,5,0.4,2,89.95
0.76,661.5,416.5,122.5,7.0,2,0.4,2,80.25999999999999
0.76,661.5,416.5,122.5,7.0,3,0.4,2,80.55
0.76,661.5,416.5,122.5,7.0,4,0.4,2,81.03999999999999
0.76,661.5,416.5,122.5,7.0,5,0.4,2,80.12
0.74,686.0,245.0,220.5,3.5,2,0.4,2,30.97
0.74,686.0,245.0,220.5,3.5,3,0.4,2,31.38
0.74,686.0,245.0,220.5,3.5,4,0.4,2,31.169999999999998
0.74,686.0,245.0,220.5,3.5,5,0.4,2,31.53
0.71,710.5,269.5,220.5,3.5,2,0.4,2,31.47
0.71,710.5,269.5,220.5,3.5,3,0.4,2,32.03
0.71,710.5,269.5,220.5,3.5,4,0.4,2,31.67
0.71,710.5,269.5,220.5,3.5,5,0.4,2,32.22
0.69,735.0,294.0,220.5,3.5,2,0.4,2,31.19
0.69,735.0,294.0,220.5,3.5,3,0.4,2,31.720000000000002
0.69,735.0,294.0,220.5,3.5,4,0.4,2,31.560000000000002
0.69,735.0,294.0,220.5,3.5,5,0.4,2,31.839999999999996
0.66,759.5,318.5,220.5,3.5,2,0.4,2,33.19
0.66,759.5,318.5,220.5,3.5,3,0.4,2,33.18
0.66,759.5,318.5,220.5,3.5,4,0.4,2,33.45
0.66,759.5,318.5,220.5,3.5,5,0.4,2,33.45
0.64,784.0,343.0,220.5,3.5,2,0.4,2,40.92
0.64,784.0,343.0,220.5,3.5,3,0.4,2,40.95
0.64,784.0,343.0,220.5,3.5,4,0.4,2,40.989999999999995
0.64,784.0,343.0,220.5,3.5,5,0.4,2,41.05
0.62,808.5,367.5,220.5,3.5,2,0.4,2,34.120000000000005
0.62,808.5,367.5,220.5,3.5,3,0.4,2,34.61
0.62,808.5,367.5,220.5,3.5,4,0.4,2,34.120000000000005
0.62,808.5,367.5,220.5,3.5,5,0.4,2,34.14
0.98,514.5,294.0,110.25,7.0,2,0.4,3,65.6
0.98,514.5,294.0,110.25,7.0,3,0.4,3,65.93
0.98,514.5,294.0,110.25,7.0,4,0.4,3,66.09
0.98,514.5,294.0,110.25,7.0,5,0.4,3,66.75
0.9,563.5,318.5,122.5,7.0,2,0.4,3,71.5
0.9,563.5,318.5,122.5,7.0,3,0.4,3,69.99000000000001
0.9,563.5,318.5,122.5,7.0,4,0.4,3,68.87
0.9,563.5,318.5,122.5,7.0,5,0.4,3,67.6
0.86,588.0,294.0,147.0,7.0,2,0.4,3,66.5
0.86,588.0,294.0,147.0,7.0,3,0.4,3,66.82
0.86,588.0,294.0,147.0,7.0,4,0.4,3,62.16
0.86,588.0,294.0,147.0,7.0,5,0.4,3,63.44
0.82,612.5,318.5,147.0,7.0,2,0.4,3,61.1
0.82,612.5,318.5,147.0,7.0,3,0.4,3,60.32
0.82,612.5,318.5,147.0,7.0,4,0.4,3,59.239999999999995
0.82,612.5,318.5,147.0,7.0,5,0.4,3,58.55
0.79,637.0,343.0,147.0,7.0,2,0.4,3,87.69999999999999
0.79,637.0,343.0,147.0,7.0,3,0.4,3,85.47999999999999
0.79,637.0,343.0,147.0,7.0,4,0.4,3,81.30000000000001
0.79,637.0,343.0,147.0,7.0,5,0.4,3,80.31
0.76,661.5,416.5,122.5,7.0,2,0.4,3,77.49000000000001
0.76,661.5,416.5,122.5,7.0,3,0.4,3,78.32
0.76,661.5,416.5,122.5,7.0,4,0.4,3,78.55
0.76,661.5,416.5,122.5,7.0,5,0.4,3,79.78
0.74,686.0,245.0,220.5,3.5,2,0.4,3,30.049999999999997
0.74,686.0,245.0,220.5,3.5,3,0.4,3,29.61
0.74,686.0,245.0,220.5,3.5,4,0.4,3,30.67
0.74,686.0,245.0,220.5,3.5,5,0.4,3,30.380000000000003
0.71,710.5,269.5,220.5,3.5,2,0.4,3,30.18
0.71,710.5,269.5,220.5,3.5,3,0.4,3,29.5
0.71,710.5,269.5,220.5,3.5,4,0.4,3,30.64
0.71,710.5,269.5,220.5,3.5,5,0.4,3,29.96
0.69,735.0,294.0,220.5,3.5,2,0.4,3,30.67
0.69,735.0,294.0,220.5,3.5,3,0.4,3,30.4
0.69,735.0,294.0,220.5,3.5,4,0.4,3,31.32
0.69,735.0,294.0,220.5,3.5,5,0.4,3,31.1
0.66,759.5,318.5,220.5,3.5,2,0.4,3,32.2
0.66,759.5,318.5,220.5,3.5,3,0.4,3,32.81
0.66,759.5,318.5,220.5,3.5,4,0.4,3,32.82
0.66,759.5,318.5,220.5,3.5,5,0.4,3,33.12
0.64,784.0,343.0,220.5,3.5,2,0.4,3,39.260000000000005
0.64,784.0,343.0,220.5,3.5,3,0.4,3,39.43
0.64,784.0,343.0,220.5,3.5,4,0.4,3,40.019999999999996
0.64,784.0,343.0,220.5,3.5,5,0.4,3,39.99
0.62,808.5,367.5,220.5,3.5,2,0.4,3,33.37
0.62,808.5,367.5,220.5,3.5,3,0.4,3,33.49
0.62,808.5,367.5,220.5,3.5,4,0.4,3,33.11
0.62,808.5,367.5,220.5,3.5,5,0.4,3,32.739999999999995
0.98,514.5,294.0,110.25,7.0,2,0.4,4,65.80000000000001
0.98,514.5,294.0,110.25,7.0,3,0.4,4,65.73
0.98,514.5,294.0,110.25,7.0,4,0.4,4,66.16
0.98,514.5,294.0,110.25,7.0,5,0.4,4,66.62
0.9,563.5,318.5,122.5,7.0,2,0.4,4,70.43
0.9,563.5,318.5,122.5,7.0,3,0.4,4,75.65
0.9,563.5,318.5,122.5,7.0,4,0.4,4,74.62
0.9,563.5,318.5,122.5,7.0,5,0.4,4,72.67
0.86,588.0,294.0,147.0,7.0,2,0.4,4,63.910000000000004
0.86,588.0,294.0,147.0,7.0,3,0.4,4,67.86
0.86,588.0,294.0,147.0,7.0,4,0.4,4,68.36
0.86,588.0,294.0,147.0,7.0,5,0.4,4,63.75
0.82,612.5,318.5,147.0,7.0,2,0.4,4,57.129999999999995
0.82,612.5,318.5,147.0,7.0,3,0.4,4,60.400000000000006
0.82,612.5,318.5,147.0,7.0,4,0.4,4,59.78
0.82,612.5,318.5,147.0,7.0,5,0.4,4,57.95
0.79,637.0,343.0,147.0,7.0,2,0.4,4,81.1
0.79,637.0,343.0,147.0,7.0,3,0.4,4,89.32
0.79,637.0,343.0,147.0,7.0,4,0.4,4,87.55
0.79,637.0,343.0,147.0,7.0,5,0.4,4,82.52000000000001
0.76,661.5,416.5,122.5,7.0,2,0.4,4,81.03999999999999
0.76,661.5,416.5,122.5,7.0,3,0.4,4,80.07
0.76,661.5,416.5,122.5,7.0,4,0.4,4,80.45
0.76,661.5,416.5,122.5,7.0,5,0.4,4,80.88
0.74,686.0,245.0,220.5,3.5,2,0.4,4,30.979999999999997
0.74,686.0,245.0,220.5,3.5,3,0.4,4,31.22
0.74,686.0,245.0,220.5,3.5,4,0.4,4,31.22
0.74,686.0,245.0,220.5,3.5,5,0.4,4,31.759999999999998
0.71,710.5,269.5,220.5,3.5,2,0.4,4,31.450000000000003
0.71,710.5,269.5,220.5,3.5,3,0.4,4,31.9
0.71,710.5,269.5,220.5,3.5,4,0.4,4,31.700000000000003
0.71,710.5,269.5,220.5,3.5,5,0.4,4,32.4
0.69,735.0,294.0,220.5,3.5,2,0.4,4,31.349999999999998
0.69,735.0,294.0,220.5,3.5,3,0.4,4,31.5
0.69,735.0,294.0,220.5,3.5,4,0.4,4,31.43
0.69,735.0,294.0,220.5,3.5,5,0.4,4,32.1
0.66,759.5,318.5,220.5,3.5,2,0.4,4,33.2
0.66,759.5,318.5,220.5,3.5,3,0.4,4,33.11
0.66,759.5,318.5,220.5,3.5,4,0.4,4,33.45
0.66,759.5,318.5,220.5,3.5,5,0.4,4,33.54
0.64,784.0,343.0,220.5,3.5,2,0.4,4,40.739999999999995
0.64,784.0,343.0,220.5,3.5,3,0.4,4,40.67
0.64,784.0,343.0,220.5,3.5,4,0.4,4,41.25
0.64,784.0,343.0,220.5,3.5,5,0.4,4,41.33
0.62,808.5,367.5,220.5,3.5,2,0.4,4,33.540000000000006
0.62,808.5,367.5,220.5,3.5,3,0.4,4,33.69
0.62,808.5,367.5,220.5,3.5,4,0.4,4,33.519999999999996
0.62,808.5,367.5,220.5,3.5,5,0.4,4,33.56
0.98,514.5,294.0,110.25,7.0,2,0.4,5,65.72
0.98,514.5,294.0,110.25,7.0,3,0.4,5,65.94999999999999
0.98,514.5,294.0,110.25,7.0,4,0.4,5,65.97
0.98,514.5,294.0,110.25,7.0,5,0.4,5,66.74
0.9,563.5,318.5,122.5,7.0,2,0.4,5,69.61
0.9,563.5,318.5,122.5,7.0,3,0.4,5,68.15
0.9,563.5,318.5,122.5,7.0,4,0.4,5,73.50999999999999
0.9,563.5,318.5,122.5,7.0,5,0.4,5,72.51
0.86,588.0,294.0,147.0,7.0,2,0.4,5,62.0
0.86,588.0,294.0,147.0,7.0,3,0.4,5,63.01
0.86,588.0,294.0,147.0,7.0,4,0.4,5,67.38
0.86,588.0,294.0,147.0,7.0,5,0.4,5,67.77000000000001
0.82,612.5,318.5,147.0,7.0,2,0.4,5,59.93
0.82,612.5,318.5,147.0,7.0,3,0.4,5,59.06
0.82,612.5,318.5,147.0,7.0,4,0.4,5,62.900000000000006
0.82,612.5,318.5,147.0,7.0,5,0.4,5,62.46
0.79,637.0,343.0,147.0,7.0,2,0.4,5,80.67
0.79,637.0,343.0,147.0,7.0,3,0.4,5,79.66
0.79,637.0,343.0,147.0,7.0,4,0.4,5,88.1
0.79,637.0,343.0,147.0,7.0,5,0.4,5,85.66
0.76,661.5,416.5,122.5,7.0,2,0.4,5,78.19
0.76,661.5,416.5,122.5,7.0,3,0.4,5,79.52
0.76,661.5,416.5,122.5,7.0,4,0.4,5,77.1
0.76,661.5,416.5,122.5,7.0,5,0.4,5,78.03999999999999
0.74,686.0,245.0,220.5,3.5,2,0.4,5,31.1
0.74,686.0,245.0,220.5,3.5,3,0.4,5,30.810000000000002
0.74,686.0,245.0,220.5,3.5,4,0.4,5,31.11
0.74,686.0,245.0,220.5,3.5,5,0.4,5,31.09
0.71,710.5,269.5,220.5,3.5,2,0.4,5,28.02
0.71,710.5,269.5,220.5,3.5,3,0.4,5,27.21
0.71,710.5,269.5,220.5,3.5,4,0.4,5,28.09
0.71,710.5,269.5,220.5,3.5,5,0.4,5,27.73
0.69,735.0,294.0,220.5,3.5,2,0.4,5,30.75
0.69,735.0,294.0,220.5,3.5,3,0.4,5,30.15
0.69,735.0,294.0,220.5,3.5,4,0.4,5,30.909999999999997
0.69,735.0,294.0,220.5,3.5,5,0.4,5,30.95
0.66,759.5,318.5,220.5,3.5,2,0.4,5,32.6
0.66,759.5,318.5,220.5,3.5,3,0.4,5,32.71
0.66,759.5,318.5,220.5,3.5,4,0.4,5,32.47
0.66,759.5,318.5,220.5,3.5,5,0.4,5,33.22
0.64,784.0,343.0,220.5,3.5,2,0.4,5,38.510000000000005
0.64,784.0,343.0,220.5,3.5,3,0.4,5,38.400000000000006
0.64,784.0,343.0,220.5,3.5,4,0.4,5,38.870000000000005
0.64,784.0,343.0,220.5,3.5,5,0.4,5,39.28
0.62,808.5,367.5,220.5,3.5,2,0.4,5,33.42
0.62,808.5,367.5,220.5,3.5,3,0.4,5,33.55
0.62,808.5,367.5,220.5,3.5,4,0.4,5,33.09
0.62,808.5,367.5,220.5,3.5,5,0.4,5,32.67
